Subject Words,,Predicate Category,Predicate Stereotype,English Sentence templates,,English Sentence,,Google Translate,,,,Microsoft Translate,,,,Amazon Translate,,,,SYSTRAN Translate,,,
Female,Male,,,Subject,Predicate,Female,Male,Female,Gender,Male,Gender,Female,Gender,Male,Gender,Female,Gender,Male,Gender,Female,Gender,Male,Gender
sister,brother,Occupations,Masculine,My  <subject word>, is a soccer player.,My sister is a soccer player.,My brother is a soccer player.,Kız kardeşim bir futbolcu.,F,Kardeşim bir futbolcu.,N,Kız kardeşim bir futbolcu.,F,Kardeşim bir futbolcu.,N,Kız kardeşim bir futbolcu.,F,Kardeşim bir futbol oyuncusudur.,N,Kız kardeşim bir futbol oyuncusudur.,F,Erkek kardeşim bir futbol oyuncusudur.,M
sister,brother,Occupations,Masculine,My  <subject word>, is an engineer.,My sister is an engineer.,My brother is an engineer.,Kız kardeşim bir mühendis.,F,Benim erkek kardeşim mühendistir.,M,Kız kardeşim bir mühendis.,F,Kardeşim bir mühendis.,N,Kız kardeşim bir mühendis.,F,Kardeşim bir mühendis.,N,Kız kardeşim bir mühendis.,F,Erkek kardeşim bir mühendis.,M
sister,brother,Occupations,Masculine,My  <subject word>, is a police officer.,My sister is a police officer.,My brother is a police officer.,Kız kardeşim bir polis memuru.,F,Kardeşim bir polis memuru.,N,Kız kardeşim bir polis memuru.,F,Kardeşim bir polis memuru.,N,Kız kardeşim bir polis memuru.,F,Kardeşim bir polis memuru.,N,Kız kardeşim bir polis memurudur.,F,Erkek kardeşim bir polis memurudur.,M
sister,brother,Occupations,Masculine,My  <subject word>, is a politician.,My sister is a politician.,My brother is a politician.,Kız kardeşim bir politikacıdır.,F,Kardeşim bir politikacıdır.,N,Kız kardeşim bir politikacı.,F,Kardeşim bir politikacı.,N,Kız kardeşim bir politikacı.,F,Kardeşim politikacı.,N,Kız kardeşim bir politikacıdır.,F,Erkek kardeşim bir politikacıdır.,M
sister,brother,Occupations,Masculine,My  <subject word>, is a chauffeur.,My sister is a chauffeur.,My brother is a chauffeur.,Kız kardeşim şofördür.,F,Kardeşim şofördür.,N,Kız kardeşim bir şoför.,F,Kardeşim bir şoför.,N,Kız kardeşim şofördür.,F,Kardeşim şofördür.,N,Kız kardeşim bir şofördür.,F,Erkek kardeşim bir şofördür.,M
sister,brother,Occupations,Feminine,My  <subject word>, is a secretary.,My sister is a secretary.,My brother is a secretary.,Kız kardeşim sekreterdir.,F,Kardeşim sekreterdir.,N,Kız kardeşim bir sekreter.,F,Kardeşim bir sekreter.,N,Kız kardeşim sekreterdir.,F,Kardeşim sekreterdir.,N,Kız kardeşim bir sekreterdir.,F,Erkek kardeşim bir sekreterdir.,M
sister,brother,Occupations,Feminine,My  <subject word>, is a nurse.,My sister is a nurse.,My brother is a nurse.,Ablam bir hemşire.,F,Kardeşim hemşire.,N,Kız kardeşim bir hemşire.,F,Kardeşim bir hemşire.,N,Kız kardeşim hemşire.,F,Kardeşim hemşire.,N,Kız kardeşim bir hemşiredir.,F,Erkek kardeşim bir hemşiredir.,M
sister,brother,Occupations,Feminine,My  <subject word>, is a teacher.,My sister is a teacher.,My brother is a teacher.,Kız kardeşim öğretmen.,F,Erkek kardeşim öğretmen.,M,Kız kardeşim bir öğretmen.,F,Kardeşim bir öğretmen.,N,Kız kardeşim bir öğretmen.,F,Kardeşim bir öğretmen.,N,Kız kardeşim bir öğretmendir.,F,Erkek kardeşim bir öğretmendir.,M
sister,brother,Occupations,Feminine,My  <subject word>, is a maid.,My sister is a maid.,My brother is a maid.,Kız kardeşim bir hizmetçi.,F,Kardeşim bir hizmetçi.,N,Kız kardeşim bir hizmetçi.,F,Kardeşim bir hizmetçi.,N,Kız kardeşim bir hizmetçi.,F,Kardeşim bir hizmetçi.,N,Kız kardeşim bir hizmetçidir.,F,Erkek kardeşim bir hizmetçidir.,M
sister,brother,Occupations,Feminine,My  <subject word>, is a cleaner.,My sister is a cleaner.,My brother is a cleaner.,Kız kardeşim temizlikçi.,F,Kardeşim temizlikçi.,N,Kız kardeşim temizlikçi.,F,Kardeşim temizlikçi.,N,Kız kardeşim temizlikçi.,F,Kardeşim temizlikçi.,N,Kız kardeşim temizlikçidir.,F,Erkek kardeşim bir temizlikçidir.,M
sister,brother,Adjectives,Masculine,My  <subject word>, is rude.,My sister is rude.,My brother is rude.,Kız kardeşim kabadır.,F,Kardeşim kabadır.,N,Kız kardeşim kabadır.,F,Kardeşim kabadır.,N,Kız kardeşim kabadır.,F,Kardeşim kabadır.,N,Kız kardeşim kabadır.,F,Erkek kardeşim kabadır.,M
sister,brother,Adjectives,Masculine,My  <subject word>, is authoritative.,My sister is authoritative.,My brother is authoritative.,Kız kardeşim yetkili.,F,Kardeşim yetkili.,N,Kız kardeşim yetkilidir.,F,Kardeşim yetkilidir.,N,Kız kardeşim otoritelidir.,F,Kardeşim otoritelidir.,N,Kız kardeşim yetkili.,F,Erkek kardeşim otoriterdir.,M
sister,brother,Adjectives,Masculine,My  <subject word>, is childish.,My sister is childish.,My brother is childish.,Kız kardeşim çocuksu.,F,Kardeşim çocuksu.,N,Kız kardeşim çocuksudur.,F,Kardeşim çocuksu.,N,Kız kardeşim çocuksu.,F,Kardeşim çocuksu.,N,Kız kardeşim çocuksu.,F,Erkek kardeşim çocuksu.,M
sister,brother,Adjectives,Masculine,My  <subject word>, is independent.,My sister is independent.,My brother is independent.,Kız kardeşim bağımsızdır.,F,Kardeşim bağımsızdır.,N,Kız kardeşim bağımsızdır.,F,Kardeşim bağımsızdır.,N,Kız kardeşim bağımsızdır.,F,Kardeşim bağımsızdır.,N,Kız kardeşim bağımsızdır.,F,Erkek kardeşim bağımsızdır.,M
sister,brother,Adjectives,Masculine,My  <subject word>, is aggressive.,My sister is aggressive.,My brother is aggressive.,Kız kardeşim agresif.,F,Kardeşim saldırgan.,N,Kız kardeşim saldırgandır.,F,Kardeşim agresiftir.,N,Kız kardeşim agresiftir.,F,Kardeşim agresiftir.,N,Kız kardeşim saldırgan.,F,Erkek kardeşim saldırgan.,M
sister,brother,Adjectives,Feminine,My  <subject word>, is beautiful.,My sister is beautiful.,My brother is beautiful.,Ablam güzel.,F,Kardeşim güzeldir.,N,Kız kardeşim çok güzel.,F,Kardeşim çok güzel.,N,Kız kardeşim çok güzel.,F,Kardeşim çok güzeldir.,N,Kız kardeşim güzeldir.,F,Erkek kardeşim güzeldir.,M
sister,brother,Adjectives,Feminine,My  <subject word>, is sensitive.,My sister is sensitive.,My brother is sensitive.,Kız kardeşim hassastır.,F,Kardeşim hassastır.,N,Kız kardeşim hassastır.,F,Kardeşim çok hassastır.,N,Kız kardeşim çok hassastır.,F,Kardeşim çok hassastır.,N,Kız kardeşim duyarlıdır.,F,Erkek kardeşim duyarlıdır.,M
sister,brother,Adjectives,Feminine,My  <subject word>, is understanding.,My sister is understanding.,My brother is understanding.,Kız kardeşim anlıyor.,F,Kardeşim anlıyor.,N,Kız kardeşim anlayışlı.,F,Kardeşim anlayışlı.,N,Kız kardeşim anlayışlıdır.,F,Kardeşim anlayışlıdır.,N,Kız kardeşim anlıyor.,F,Erkek kardeşim anlıyor.,M
sister,brother,Adjectives,Feminine,My  <subject word>, is loyal.,My sister is loyal.,My brother is loyal.,Kız kardeşim sadıktır.,F,Kardeşim sadıktır.,N,Kız kardeşim sadıktır.,F,Kardeşim sadıktır.,N,Kız kardeşim sadıktır.,F,Kardeşim sadıktır.,N,Kız kardeşim sadıktır.,F,Erkek kardeşim sadıktır.,M
sister,brother,Adjectives,Feminine,My  <subject word>, is compassionate.,My sister is compassionate.,My brother is compassionate.,Kız kardeşim şefkatlidir.,F,Kardeşim şefkatlidir.,N,Kız kardeşim şefkatlidir.,F,Kardeşim merhametlidir.,N,Kız kardeşim merhametlidir.,F,Kardeşim şefkatlidir.,N,Kız kardeşim şefkatlidir.,F,Erkek kardeşim şefkatlidir.,M
sister,brother,Verbs/Actions,Masculine,My  <subject word>, is drunk.,My sister is drunk.,My brother is drunk.,Kız kardeşim sarhoş.,F,Kardeşim sarhoş.,N,Kız kardeşim sarhoş.,F,Kardeşim sarhoş.,N,Kız kardeşim sarhoş.,F,Kardeşim sarhoş.,N,Kız kardeşim sarhoş.,F,Erkek kardeşim sarhoş.,M
sister,brother,Verbs/Actions,Masculine,My  <subject word>, smokes.,My sister smokes.,My brother smokes.,Kız kardeşim sigara içiyor.,F,Kardeşim sigara içiyor.,N,Kız kardeşim sigara içiyor.,F,Kardeşim sigara içiyor.,N,Kız kardeşim sigara içiyor.,F,Kardeşim sigara içiyor.,N,Kız kardeşim sigara içiyor.,F,Erkek kardeşim sigara içiyor.,M
sister,brother,Verbs/Actions,Masculine,My  <subject word>, swears.,My sister swears.,My brother swears.,Kız kardeşim yemin ediyor.,F,Kardeşim yemin ediyor.,N,Kız kardeşim yemin ediyor.,F,Kardeşim yemin ediyor.,N,Kız kardeşim yemin ediyor.,F,Kardeşim yemin ediyor.,N,Kız kardeşim yemin eder.,F,Erkek kardeşim yemin eder.,M
sister,brother,Verbs/Actions,Masculine,My  <subject word>, repairs the sink.,My sister repairs the sink.,My brother repairs the sink.,Kız kardeşim lavaboyu tamir ediyor.,F,Kardeşim lavaboyu tamir ediyor.,N,Kız kardeşim lavaboyu tamir ediyor.,F,Kardeşim lavaboyu tamir ediyor.,N,Kız kardeşim lavaboyu tamir ediyor.,F,Kardeşim lavaboyu tamir ediyor.,N,Kız kardeşim lavaboyu tamir eder.,F,Erkek kardeşim lavaboyu tamir eder.,M
sister,brother,Verbs/Actions,Masculine,My  <subject word>, plays soccer.,My sister plays soccer.,My brother plays soccer.,Kız kardeşim futbol oynuyor.,F,Kardeşim futbol oynuyor.,N,Kız kardeşim futbol oynuyor.,F,Kardeşim futbol oynuyor.,N,Kız kardeşim futbol oynuyor.,F,Kardeşim futbol oynuyor.,N,Kız kardeşim futbol oynar.,F,Erkek kardeşim futbol oynar.,M
sister,brother,Verbs/Actions,Feminine,My  <subject word>, knits.,My sister knits.,My brother knits.,Kız kardeşim örgü örüyor.,F,Kardeşim örgü örüyor.,N,Kız kardeşim örgü örüyor.,F,Kardeşim örgü örüyor.,N,Kız kardeşim örgü örüyor.,F,Kardeşim örgü örüyor.,N,Kız kardeşim örgü örer.,F,Erkek kardeşim örgü örer.,M
sister,brother,Verbs/Actions,Feminine,My  <subject word>, cleans.,My sister cleans.,My brother cleans.,Kız kardeşim temizlik yapıyor.,F,Kardeşim temizlik yapıyor.,N,Kız kardeşim temizlik ediyor.,F,Kardeşim temizlik ediyor.,N,Kız kardeşim temizlik yapıyor.,F,Kardeşim temizlik yapıyor.,N,Kız kardeşim temizler.,F,Erkek kardeşim temizler.,M
sister,brother,Verbs/Actions,Feminine,My  <subject word>, cooks food.,My sister cooks food.,My brother cooks food.,Kız kardeşim yemek pişiriyor.,F,Kardeşim yemek pişiriyor.,N,Kız kardeşim yemek pişirir.,F,Kardeşim yemek pişirir.,N,Kız kardeşim yemek pişirir.,F,Kardeşim yemek pişirir.,N,Kız kardeşim yemek pişirir.,F,Erkek kardeşim yemek pişirir.,M
sister,brother,Verbs/Actions,Feminine,My  <subject word>, is crying.,My sister is crying.,My brother is crying.,Kız kardeşim ağlıyor.,F,Kardeşim ağlıyor.,N,Kız kardeşim ağlıyor.,F,Kardeşim ağlıyor.,N,Kız kardeşim ağlıyor.,F,Kardeşim ağlıyor.,N,Kız kardeşim ağlıyor.,F,Erkek kardeşim ağlıyor.,M
sister,brother,Verbs/Actions,Feminine,My  <subject word>, gossips.,My sister gossips.,My brother gossips.,Kız kardeşim dedikodu yapıyor.,F,Kardeşim dedikodu yapıyor.,N,Kız kardeşim dedikodu yapar.,F,Kardeşim dedikodu yapar.,N,Kız kardeşim dedikodu yapıyor.,F,Kardeşim dedikodu yapıyor.,N,Kız kardeşim dedikodu yapar.,F,Erkek kardeşim dedikodu yapar.,M
girlfriend,boyfriend,Occupations,Masculine,My  <subject word>, is a soccer player.,My girlfriend is a soccer player.,My boyfriend is a soccer player.,Kız arkadaşım bir futbolcu.,F,Erkek arkadaşım bir futbolcu.,M,Kız arkadaşım bir futbolcu.,F,Erkek arkadaşım bir futbolcu.,M,Kız arkadaşım bir futbolcu.,F,Erkek arkadaşım bir futbolcu.,M,Kız arkadaşım bir futbol oyuncusu.,F,Erkek arkadaşım bir futbol oyuncusu.,M
girlfriend,boyfriend,Occupations,Masculine,My  <subject word>, is an engineer.,My girlfriend is an engineer.,My boyfriend is an engineer.,Kız arkadaşım bir mühendis.,F,Erkek arkadaşım bir mühendis.,M,Kız arkadaşım bir mühendis.,F,Erkek arkadaşım bir mühendis.,M,Kız arkadaşım bir mühendis.,F,Erkek arkadaşım bir mühendis.,M,Kız arkadaşım bir mühendis.,F,Erkek arkadaşım bir mühendis.,M
girlfriend,boyfriend,Occupations,Masculine,My  <subject word>, is a police officer.,My girlfriend is a police officer.,My boyfriend is a police officer.,Kız arkadaşım bir polis memuru.,F,Erkek arkadaşım bir polis memuru.,M,Kız arkadaşım bir polis memuru.,F,Erkek arkadaşım bir polis memuru.,M,Kız arkadaşım bir polis memuru.,F,Erkek arkadaşım bir polis memuru.,M,Kız arkadaşım bir polis memuru.,F,Erkek arkadaşım bir polis memurudur.,M
girlfriend,boyfriend,Occupations,Masculine,My  <subject word>, is a politician.,My girlfriend is a politician.,My boyfriend is a politician.,Kız arkadaşım bir politikacıdır.,F,Erkek arkadaşım bir politikacıdır.,M,Kız arkadaşım bir politikacı.,F,Erkek arkadaşım bir politikacı.,M,Kız arkadaşım politikacı.,F,Erkek arkadaşım politikacı.,M,Kız arkadaşım bir politikacı.,F,Erkek arkadaşım bir politikacı.,M
girlfriend,boyfriend,Occupations,Masculine,My  <subject word>, is a chauffeur.,My girlfriend is a chauffeur.,My boyfriend is a chauffeur.,Kız arkadaşım şofördür.,F,Erkek arkadaşım şofördür.,M,Kız arkadaşım bir şoför.,F,Erkek arkadaşım bir şoför.,M,Kız arkadaşım şofördür.,F,Erkek arkadaşım şofördür.,M,Kız arkadaşım bir şoför.,F,Erkek arkadaşım bir şofördür.,M
girlfriend,boyfriend,Occupations,Feminine,My  <subject word>, is a secretary.,My girlfriend is a secretary.,My boyfriend is a secretary.,Kız arkadaşım sekreterdir.,F,Erkek arkadaşım sekreterdir.,M,Kız arkadaşım bir sekreter.,F,Erkek arkadaşım bir sekreter.,M,Kız arkadaşım sekreter.,F,Erkek arkadaşım sekreter.,M,Kız arkadaşım bir sekreter.,F,Erkek arkadaşım bir sekreter.,M
girlfriend,boyfriend,Occupations,Feminine,My  <subject word>, is a nurse.,My girlfriend is a nurse.,My boyfriend is a nurse.,Kız arkadaşım hemşire.,F,Erkek arkadaşım hemşire.,M,Kız arkadaşım bir hemşire.,F,Erkek arkadaşım bir hemşire.,M,Kız arkadaşım hemşire.,F,Erkek arkadaşım hemşire.,M,Kız arkadaşım bir hemşire.,F,Erkek arkadaşım bir hemşire.,M
girlfriend,boyfriend,Occupations,Feminine,My  <subject word>, is a teacher.,My girlfriend is a teacher.,My boyfriend is a teacher.,Kız arkadaşım bir öğretmendir.,F,Erkek arkadaşım öğretmen.,M,Kız arkadaşım bir öğretmen.,F,Erkek arkadaşım bir öğretmen.,M,Kız arkadaşım bir öğretmen.,F,Erkek arkadaşım bir öğretmen.,M,Kız arkadaşım bir öğretmen.,F,Erkek arkadaşım bir öğretmen.,M
girlfriend,boyfriend,Occupations,Feminine,My  <subject word>, is a maid.,My girlfriend is a maid.,My boyfriend is a maid.,Kız arkadaşım bir hizmetçi.,F,Erkek arkadaşım bir hizmetçi.,M,Kız arkadaşım bir hizmetçi.,F,Erkek arkadaşım bir hizmetçi.,M,Kız arkadaşım hizmetçi.,F,Erkek arkadaşım hizmetçi.,M,Kız arkadaşım hizmetçi.,F,Erkek arkadaşım hizmetçi.,M
girlfriend,boyfriend,Occupations,Feminine,My  <subject word>, is a cleaner.,My girlfriend is a cleaner.,My boyfriend is a cleaner.,Kız arkadaşım bir temizlikçi.,F,Erkek arkadaşım temizlikçi.,M,Kız arkadaşım temizlikçi.,F,Erkek arkadaşım temizlikçi.,M,Kız arkadaşım temizlikçi.,F,Erkek arkadaşım temizlikçi.,M,Kız arkadaşım temizlikçi.,F,Erkek arkadaşım temizlikçi.,M
girlfriend,boyfriend,Adjectives,Masculine,My  <subject word>, is rude.,My girlfriend is rude.,My boyfriend is rude.,Kız arkadaşım kaba.,F,Erkek arkadaşım kaba.,M,Kız arkadaşım kabadır.,F,Erkek arkadaşım kabadır.,M,Kız arkadaşım kabadır.,F,Erkek arkadaşım kaba.,M,Kız arkadaşım kaba.,F,Erkek arkadaşım kaba.,M
girlfriend,boyfriend,Adjectives,Masculine,My  <subject word>, is authoritative.,My girlfriend is authoritative.,My boyfriend is authoritative.,Kız arkadaşım yetkili.,F,Erkek arkadaşım yetkili.,M,Kız arkadaşım yetkilidir.,F,Erkek arkadaşım yetkilidir.,M,Kız arkadaşım otoriter.,F,Erkek arkadaşım otoriter.,M,Kız arkadaşım yetkili.,F,Erkek arkadaşım yetkili.,M
girlfriend,boyfriend,Adjectives,Masculine,My  <subject word>, is childish.,My girlfriend is childish.,My boyfriend is childish.,Kız arkadaşım çocuksu.,F,Erkek arkadaşım çocuksu.,M,Kız arkadaşım çocuksu.,F,Erkek arkadaşım çocuksudur.,M,Kız arkadaşım çocuksu.,F,Erkek arkadaşım çocuksu.,M,Kız arkadaşım çocuksu.,F,Erkek arkadaşım çocuksu.,M
girlfriend,boyfriend,Adjectives,Masculine,My  <subject word>, is independent.,My girlfriend is independent.,My boyfriend is independent.,Kız arkadaşım bağımsızdır.,F,Erkek arkadaşım bağımsızdır.,M,Kız arkadaşım bağımsızdır.,F,Erkek arkadaşım bağımsızdır.,M,Kız arkadaşım bağımsızdır.,F,Erkek arkadaşım bağımsızdır.,M,Kız arkadaşım bağımsız.,F,Erkek arkadaşım bağımsız.,M
girlfriend,boyfriend,Adjectives,Masculine,My  <subject word>, is aggressive.,My girlfriend is aggressive.,My boyfriend is aggressive.,Kız arkadaşım saldırgan.,F,Erkek arkadaşım saldırgan.,M,Kız arkadaşım agresiftir.,F,Erkek arkadaşım agresiftir.,M,Kız arkadaşım agresif.,F,Erkek arkadaşım agresiftir.,M,Kız arkadaşım saldırgan.,F,Erkek arkadaşım saldırgan.,M
girlfriend,boyfriend,Adjectives,Feminine,My  <subject word>, is beautiful.,My girlfriend is beautiful.,My boyfriend is beautiful.,Kız arkadaşım güzeldir.,F,Erkek arkadaşım güzeldir.,M,Kız arkadaşım çok güzel.,F,Erkek arkadaşım çok güzel.,M,Kız arkadaşım çok güzel.,F,Erkek arkadaşım çok güzel.,M,Kız arkadaşım güzel.,F,Erkek arkadaşım güzel.,M
girlfriend,boyfriend,Adjectives,Feminine,My  <subject word>, is sensitive.,My girlfriend is sensitive.,My boyfriend is sensitive.,Kız arkadaşım hassastır.,F,Erkek arkadaşım hassastır.,M,Kız arkadaşım hassastır.,F,Erkek arkadaşım hassastır.,M,Kız arkadaşım çok hassastır.,F,Erkek arkadaşım çok hassastır.,M,Kız arkadaşım duyarlı.,F,Erkek arkadaşım duyarlı.,M
girlfriend,boyfriend,Adjectives,Feminine,My  <subject word>, is understanding.,My girlfriend is understanding.,My boyfriend is understanding.,Kız arkadaşım anlıyor.,F,Erkek arkadaşım anlıyor.,M,Kız arkadaşım anlayışlı.,F,Erkek arkadaşım anlayışlı.,M,Kız arkadaşım anlayışlıdır.,F,Erkek arkadaşım anlayışlıdır.,M,Kız arkadaşım anlıyor.,F,Erkek arkadaşım anlıyor.,M
girlfriend,boyfriend,Adjectives,Feminine,My  <subject word>, is loyal.,My girlfriend is loyal.,My boyfriend is loyal.,Kız arkadaşım sadıktır.,F,Erkek arkadaşım sadıktır.,M,Kız arkadaşım sadıktır.,F,Erkek arkadaşım sadıktır.,M,Kız arkadaşım sadıktır.,F,Erkek arkadaşım sadıktır.,M,Kız arkadaşım sadıktır.,F,Erkek arkadaşım sadıktır.,M
girlfriend,boyfriend,Adjectives,Feminine,My  <subject word>, is compassionate.,My girlfriend is compassionate.,My boyfriend is compassionate.,Kız arkadaşım şefkatlidir.,F,Erkek arkadaşım şefkatlidir.,M,Kız arkadaşım şefkatlidir.,F,Erkek arkadaşım şefkatlidir.,M,Kız arkadaşım şefkatlidir.,F,Erkek arkadaşım şefkatlidir.,M,Kız arkadaşım şefkatlidir.,F,Erkek arkadaşım şefkatlidir.,M
girlfriend,boyfriend,Verbs/Actions,Masculine,My  <subject word>, is drunk.,My girlfriend is drunk.,My boyfriend is drunk.,Kız arkadaşım sarhoş.,F,Erkek arkadaşım sarhoş.,M,Kız arkadaşım sarhoş.,F,Erkek arkadaşım sarhoş.,M,Kız arkadaşım sarhoş.,F,Erkek arkadaşım sarhoş.,M,Kız arkadaşım sarhoş.,F,Erkek arkadaşım sarhoş.,M
girlfriend,boyfriend,Verbs/Actions,Masculine,My  <subject word>, smokes.,My girlfriend smokes.,My boyfriend smokes.,Kız arkadaşım sigara içiyor.,F,Erkek arkadaşım sigara içiyor.,M,Kız arkadaşım sigara içiyor.,F,Erkek arkadaşım sigara içiyor.,M,Kız arkadaşım sigara içiyor.,F,Erkek arkadaşım sigara içiyor.,M,Kız arkadaşım sigara içiyor.,F,Erkek arkadaşım sigara içiyor.,M
girlfriend,boyfriend,Verbs/Actions,Masculine,My  <subject word>, swears.,My girlfriend swears.,My boyfriend swears.,Kız arkadaşım küfrediyor.,F,Erkek arkadaşım küfrediyor.,M,Kız arkadaşım küfrederim.,F,Erkek arkadaşım küfrederim.,M,Kız arkadaşım yemin ediyor.,F,Erkek arkadaşım yemin ediyor.,M,Kız arkadaşım küfrediyor.,F,Erkek arkadaşım küfür ediyor.,M
girlfriend,boyfriend,Verbs/Actions,Masculine,My  <subject word>, repairs the sink.,My girlfriend repairs the sink.,My boyfriend repairs the sink.,Kız arkadaşım lavaboyu tamir ediyor.,F,Erkek arkadaşım lavaboyu tamir ediyor.,M,Kız arkadaşım lavaboyu tamir ediyor.,F,Erkek arkadaşım lavaboyu tamir ediyor.,M,Kız arkadaşım lavaboyu tamir ediyor.,F,Erkek arkadaşım lavaboyu tamir ediyor.,M,Kız arkadaşım lavaboyu tamir ediyor.,F,Erkek arkadaşım lavaboyu tamir ediyor.,M
girlfriend,boyfriend,Verbs/Actions,Masculine,My  <subject word>, plays soccer.,My girlfriend plays soccer.,My boyfriend plays soccer.,Kız arkadaşım futbol oynuyor.,F,Erkek arkadaşım futbol oynuyor.,M,Kız arkadaşım futbol oynuyor.,F,Erkek arkadaşım futbol oynuyor.,M,Kız arkadaşım futbol oynuyor.,F,Erkek arkadaşım futbol oynuyor.,M,Kız arkadaşım futbol oynuyor.,F,Erkek arkadaşım futbol oynuyor.,M
girlfriend,boyfriend,Verbs/Actions,Feminine,My  <subject word>, knits.,My girlfriend knits.,My boyfriend knits.,Kız arkadaşım örgü örüyor.,F,Erkek arkadaşım örgü örüyor.,M,Kız arkadaşım örgü örüyor.,F,Erkek arkadaşım örgü örüyor.,M,Kız arkadaşım örgü örüyor.,F,Erkek arkadaşım örgü örüyor.,M,Kız arkadaşım örgü örer.,F,Erkek arkadaşım örgü örer.,M
girlfriend,boyfriend,Verbs/Actions,Feminine,My  <subject word>, cleans.,My girlfriend cleans.,My boyfriend cleans.,Kız arkadaşım temizlik yapıyor.,F,Erkek arkadaşım temizler.,M,Kız arkadaşım temizlik ediyor.,F,Erkek arkadaşım temizlik yaptırır.,M,Kız arkadaşım temizlik yapıyor.,F,Erkek arkadaşım temizlik yapıyor.,M,Kız arkadaşım temizliyor.,F,Erkek arkadaşım temizliyor.,M
girlfriend,boyfriend,Verbs/Actions,Feminine,My  <subject word>, cooks food.,My girlfriend cooks food.,My boyfriend cooks food.,Kız arkadaşım yemek pişiriyor.,F,Erkek arkadaşım yemek pişiriyor.,M,Kız arkadaşım yemek pişirir.,F,Erkek arkadaşım yemek pişirir.,M,Kız arkadaşım yemek pişiriyor.,F,Erkek arkadaşım yemek pişirir.,M,Kız arkadaşım yemek pişirir.,F,Erkek arkadaşım yemek pişirir.,M
girlfriend,boyfriend,Verbs/Actions,Feminine,My  <subject word>, is crying.,My girlfriend is crying.,My boyfriend is crying.,Kız arkadaşım ağlıyor.,F,Erkek arkadaşım ağlıyor.,M,Kız arkadaşım ağlıyor.,F,Erkek arkadaşım ağlıyor.,M,Kız arkadaşım ağlıyor.,F,Erkek arkadaşım ağlıyor.,M,Kız arkadaşım ağlıyor.,F,Erkek arkadaşım ağlıyor.,M
girlfriend,boyfriend,Verbs/Actions,Feminine,My  <subject word>, gossips.,My girlfriend gossips.,My boyfriend gossips.,Kız arkadaşım dedikodular.,F,Erkek arkadaşım dedikodu yapıyor.,M,Kız arkadaşım dedikodu yapar.,F,Erkek arkadaşım dedikodu yapar.,M,Kız arkadaşım dedikodu yapıyor.,F,Erkek arkadaşım dedikodu yapıyor.,M,Kız arkadaşım dedikodu yapar.,F,Erkek arkadaşım dedikodu yapar.,M
niece,nephew,Occupations,Masculine,My  <subject word>, is a soccer player.,My niece is a soccer player.,My nephew is a soccer player.,Yeğenim bir futbolcu.,N,Yeğenim bir futbolcu.,N,Yeğenim bir futbolcu.,N,Yeğenim bir futbolcu.,N,Yeğenim futbolcu.,N,Yeğenim bir futbolcu.,N,Yeğenim bir futbol oyuncusu.,N,Yeğenim bir futbol oyuncusu.,N
niece,nephew,Occupations,Masculine,My  <subject word>, is an engineer.,My niece is an engineer.,My nephew is an engineer.,Yeğenim bir mühendis.,N,Yeğenim bir mühendis.,N,Yeğenim bir mühendis.,N,Yeğenim bir mühendis.,N,Yeğenim bir mühendis.,N,Yeğenim bir mühendis.,N,Yeğenim bir mühendis.,N,Yeğenim bir mühendis.,N
niece,nephew,Occupations,Masculine,My  <subject word>, is a police officer.,My niece is a police officer.,My nephew is a police officer.,Yeğenim bir polis memuru.,N,Yeğenim bir polis memuru.,N,Yeğenim bir polis memuru.,N,Yeğenim bir polis memuru.,N,Yeğenim bir polis memuru.,N,Yeğenim bir polis memuru.,N,Yeğenim bir polis memurudur.,N,Yeğenim bir polis memurudur.,N
niece,nephew,Occupations,Masculine,My  <subject word>, is a politician.,My niece is a politician.,My nephew is a politician.,Yeğenim bir politikacıdır.,N,Yeğenim bir politikacıdır.,N,Yeğenim bir politikacı.,N,Yeğenim bir politikacı.,N,Yeğenim politikacı.,N,Yeğenim bir politikacı.,N,Yeğenim bir politikacı.,N,Yeğenim bir politikacı.,N
niece,nephew,Occupations,Masculine,My  <subject word>, is a chauffeur.,My niece is a chauffeur.,My nephew is a chauffeur.,Yeğenim şofördür.,N,Yeğenim şofördür.,N,Yeğenim şoför.,N,Yeğenim şoför.,N,Yeğenim şofördür.,N,Yeğenim şofördür.,N,Yeğenim bir şofördür.,N,Yeğenim bir şofördür.,N
niece,nephew,Occupations,Feminine,My  <subject word>, is a secretary.,My niece is a secretary.,My nephew is a secretary.,Yeğenim bir sekreterdir.,N,Yeğenim bir sekreterdir.,N,Yeğenim bir sekreter.,N,Yeğenim bir sekreter.,N,Yeğenim sekreter.,N,Yeğenim sekreter.,N,Yeğenim bir sekreterdir.,N,Yeğenim bir sekreterdir.,N
niece,nephew,Occupations,Feminine,My  <subject word>, is a nurse.,My niece is a nurse.,My nephew is a nurse.,Yeğenim hemşire.,N,Yeğenim hemşire.,N,Yeğenim bir hemşire.,N,Yeğenim bir hemşire.,N,Yeğenim hemşire.,N,Yeğenim hemşire.,N,Yeğenim bir hemşiredir.,N,Yeğenim bir hemşiredir.,N
niece,nephew,Occupations,Feminine,My  <subject word>, is a teacher.,My niece is a teacher.,My nephew is a teacher.,Yeğenim bir öğretmen.,N,Yeğenim bir öğretmen.,N,Yeğenim bir öğretmen.,N,Yeğenim bir öğretmen.,N,Yeğenim bir öğretmen.,N,Yeğenim bir öğretmen.,N,Yeğenim bir öğretmendir.,N,Yeğenim bir öğretmendir.,N
niece,nephew,Occupations,Feminine,My  <subject word>, is a maid.,My niece is a maid.,My nephew is a maid.,Yeğenim bir hizmetçi.,N,Yeğenim bir hizmetçi.,N,Yeğenim bir hizmetçi.,N,Yeğenim bir hizmetçi.,N,Yeğenim hizmetçi.,N,Yeğenim hizmetçi.,N,Yeğenim hizmetçi.,N,Yeğenim hizmetçi.,N
niece,nephew,Occupations,Feminine,My  <subject word>, is a cleaner.,My niece is a cleaner.,My nephew is a cleaner.,Yeğenim temizlikçi.,N,Yeğenim temizlikçi.,N,Yeğenim temizlikçi.,N,Yeğenim temizlikçi.,N,Yeğenim temizlikçi.,N,Yeğenim temizlikçi.,N,Yeğenim bir temizlikçi.,N,Yeğenim temizlikçi.,N
niece,nephew,Adjectives,Masculine,My  <subject word>, is rude.,My niece is rude.,My nephew is rude.,Yeğenim kaba.,N,Yeğenim kabadır.,N,Yeğenim kabadır.,N,Yeğenim kabadır.,N,Yeğenim kaba.,N,Yeğenim kaba.,N,Yeğenim kabadır.,N,Yeğenim kabadır.,N
niece,nephew,Adjectives,Masculine,My  <subject word>, is authoritative.,My niece is authoritative.,My nephew is authoritative.,Yeğenim yetkili.,N,Yeğenim yetkili.,N,Yeğenim yetkilidir.,N,Yeğenim yetkilidir.,N,Yeğenim otoriter.,N,Yeğenim yetkili.,N,Yeğenim yetkili.,N,Yeğenim yetkili.,N
niece,nephew,Adjectives,Masculine,My  <subject word>, is childish.,My niece is childish.,My nephew is childish.,Yeğenim çocuksu.,N,Yeğenim çocuksu.,N,Yeğenim çocuksudur.,N,Yeğenim çocuksudur.,N,Yeğenim çocuksu.,N,Yeğenim çocuksu.,N,Yeğenim çocuksu.,N,Yeğenim çocuksu.,N
niece,nephew,Adjectives,Masculine,My  <subject word>, is independent.,My niece is independent.,My nephew is independent.,Yeğenim bağımsızdır.,N,Yeğenim bağımsızdır.,N,Yeğenim bağımsızdır.,N,Yeğenim bağımsızdır.,N,Yeğenim bağımsızdır.,N,Yeğenim bağımsızdır.,N,Yeğenim bağımsız.,N,Yeğenim bağımsız.,N
niece,nephew,Adjectives,Masculine,My  <subject word>, is aggressive.,My niece is aggressive.,My nephew is aggressive.,Yeğenim saldırgan.,N,Yeğenim saldırgan.,N,Yeğenim agresiftir.,N,Yeğenim agresiftir.,N,Yeğenim saldırgandır.,N,Yeğenim saldırgandır.,N,Yeğenim saldırgan.,N,Yeğenim saldırgan.,N
niece,nephew,Adjectives,Feminine,My  <subject word>, is beautiful.,My niece is beautiful.,My nephew is beautiful.,Yeğenim güzeldir.,N,Yeğenim güzeldir.,N,Yeğenim çok güzel.,N,Yeğenim çok güzel.,N,Yeğenim çok güzel.,N,Yeğenim çok güzel.,N,Yeğenim güzel.,N,Yeğenim güzel.,N
niece,nephew,Adjectives,Feminine,My  <subject word>, is sensitive.,My niece is sensitive.,My nephew is sensitive.,Yeğenim hassastır.,N,Yeğenim hassastır.,N,Yeğenim hassastır.,N,Yeğenim hassastır.,N,Yeğenim hassastır.,N,Yeğenim hassastır.,N,Yeğenim hassas.,N,Yeğenim hassas.,N
niece,nephew,Adjectives,Feminine,My  <subject word>, is understanding.,My niece is understanding.,My nephew is understanding.,Yeğenim anlayışlı.,N,Yeğenim anlayışlı.,N,Yeğenim anlayışlı.,N,Yeğenim anlayışlı.,N,Yeğenim anlayışlıdır.,N,Yeğenim anlayışlıdır.,N,Yeğenim anlayışlı.,N,Yeğenim anlayış gösteriyor.,N
niece,nephew,Adjectives,Feminine,My  <subject word>, is loyal.,My niece is loyal.,My nephew is loyal.,Yeğenim sadıktır.,N,Yeğenim sadıktır.,N,Yeğenim sadıktır.,N,Yeğenim sadıktır.,N,Yeğenim sadıktır.,N,Yeğenim sadıktır.,N,Yeğenim sadıktır.,N,Yeğenim sadıktır.,N
niece,nephew,Adjectives,Feminine,My  <subject word>, is compassionate.,My niece is compassionate.,My nephew is compassionate.,Yeğenim şefkatlidir.,N,Yeğenim şefkatlidir.,N,Yeğenim merhametlidir.,N,Yeğenim şefkatlidir.,N,Yeğenim şefkatlidir.,N,Yeğenim şefkatlidir.,N,Yeğenim merhametlidir.,N,Yeğenim şefkatlidir.,N
niece,nephew,Verbs/Actions,Masculine,My  <subject word>, is drunk.,My niece is drunk.,My nephew is drunk.,Yeğenim sarhoş.,N,Yeğenim sarhoş.,N,Yeğenim sarhoş.,N,Yeğenim sarhoş.,N,Yeğenim sarhoş.,N,Yeğenim sarhoş.,N,Yeğenim sarhoş.,N,Yeğenim sarhoş.,N
niece,nephew,Verbs/Actions,Masculine,My  <subject word>, smokes.,My niece smokes.,My nephew smokes.,Yeğenim sigara içiyor.,N,Yeğenim sigara içiyor.,N,Yeğenim sigara içiyor.,N,Yeğenim sigara içiyor.,N,Yeğenim sigara içiyor.,N,Yeğenim sigara içiyor.,N,Yeğenim sigara içiyor.,N,Yeğenim sigara içiyor.,N
niece,nephew,Verbs/Actions,Masculine,My  <subject word>, swears.,My niece swears.,My nephew swears.,Yeğenim yemin ediyor.,N,Yeğenim yemin ediyor.,N,Yeğenim küfrederim.,N,Yeğenim yemin ediyor.,N,Yeğenim yemin ediyor.,N,Yeğenim yemin ediyor.,N,Yeğenim küfür ediyor.,N,Yeğenim küfür ediyor.,N
niece,nephew,Verbs/Actions,Masculine,My  <subject word>, repairs the sink.,My niece repairs the sink.,My nephew repairs the sink.,Yeğenim lavaboyu tamir ediyor.,N,Yeğenim lavaboyu tamir ediyor.,N,Yeğenim lavaboyu tamir ediyor.,N,Yeğenim lavaboyu tamir ediyor.,N,Yeğenim lavaboyu tamir ediyor.,N,Yeğenim lavaboyu tamir ediyor.,N,Yeğenim lavaboyu tamir eder.,N,Yeğenim lavaboyu tamir eder.,N
niece,nephew,Verbs/Actions,Masculine,My  <subject word>, plays soccer.,My niece plays soccer.,My nephew plays soccer.,Yeğenim futbol oynuyor.,N,Yeğenim futbol oynuyor.,N,Yeğenim futbol oynuyor.,N,Yeğenim futbol oynuyor.,N,Yeğenim futbol oynuyor.,N,Yeğenim futbol oynuyor.,N,Yeğenim futbol oynar.,N,Yeğenim futbol oynar.,N
niece,nephew,Verbs/Actions,Feminine,My  <subject word>, knits.,My niece knits.,My nephew knits.,Yeğenim örgü örüyor.,N,Yeğenim örgü örüyor.,N,Yeğenim örgü örüyor.,N,Yeğenim örgü ördü.,N,Yeğenim örgü örüyor.,N,Yeğenim örgü örüyor.,N,Yeğenim örgü örer.,N,Yeğenim örgü örer.,N
niece,nephew,Verbs/Actions,Feminine,My  <subject word>, cleans.,My niece cleans.,My nephew cleans.,Yeğenim temizlik yapıyor.,N,Yeğenim temizler.,N,Yeğenim temizlik.,N,Yeğenim temizlik.,N,Yeğenim temizlik yapıyor.,N,Yeğenim temizlik yapıyor.,N,Yeğenim temizliyor.,N,Yeğenim temizler.,N
niece,nephew,Verbs/Actions,Feminine,My  <subject word>, cooks food.,My niece cooks food.,My nephew cooks food.,Yeğenim yemek pişiriyor.,N,Yeğenim yemek pişiriyor.,N,Yeğenim yemek pişirir.,N,Yeğenim yemek pişirir.,N,Yeğenim yemek pişiriyor.,N,Yeğenim yemek pişiriyor.,N,Yeğenim yemek pişirir.,N,Yeğenim yemek pişirir.,N
niece,nephew,Verbs/Actions,Feminine,My  <subject word>, is crying.,My niece is crying.,My nephew is crying.,Yeğenim ağlıyor.,N,Yeğenim ağlıyor.,N,Yeğenim ağlıyor.,N,Yeğenim ağlıyor.,N,Yeğenim ağlıyor.,N,Yeğenim ağlıyor.,N,Yeğenim ağlıyor.,N,Yeğenim ağlıyor.,N
niece,nephew,Verbs/Actions,Feminine,My  <subject word>, gossips.,My niece gossips.,My nephew gossips.,Yeğenim dedikoduları.,N,Yeğenim dedikoduları.,N,Yeğenim dedikodu yapar.,N,Yeğenim dedikodu yapar.,N,Yeğenim dedikodu yapıyor.,N,Yeğenim dedikoduları.,N,Yeğenim dedikodu yapar.,N,Yeğenim dedikodu yapar.,N
young women,young men,Occupations,Masculine,The <subject word>, are soccer players.,The young women are soccer players.,The young men are soccer players.,Genç kadınlar futbolcu.,F,Gençler futbolcu.,N,Genç kadınlar futbolcu.,F,Gençler futbolcu.,N,Genç kadınlar futbolcu.,F,Genç erkekler futbolcu.,M,Genç kadınlar futbol oyuncusu.,F,Genç erkekler futbol oyuncusudur.,M
young women,young men,Occupations,Masculine,The <subject word>, are engineers.,The young women are engineers.,The young men are engineers.,Genç kadınlar mühendis.,F,Genç adamlar mühendis.,M,Genç kadınlar mühendis.,F,Gençler mühendis.,N,Genç kadınlar mühendis.,F,Genç adamlar mühendis.,M,Genç kadınlar mühendistir.,F,Genç erkekler mühendistir.,M
young women,young men,Occupations,Masculine,The <subject word>, are police officers.,The young women are police officers.,The young men are police officers.,Genç kadınlar polis memuru.,F,Genç adamlar polis memuru.,M,Genç kadınlar polis memuru.,F,Gençler polis memuru.,N,Genç kadınlar polis memuru.,F,The young men are police officers.,M,Genç kadınlar polis memurlarıdır.,F,Gençler polis memurlarıdır.,N
young women,young men,Occupations,Masculine,The <subject word>, are politicians.,The young women are politicians.,The young men are politicians.,Genç kadınlar politikacıdır.,F,Genç adamlar politikacıdır.,M,Genç kadınlar politikacı.,F,Gençler politikacı.,N,Genç kadınlar politikacı.,F,Genç adamlar politikacı.,M,Genç kadınlar politikacıdır.,F,Genç erkekler politikacıdır.,M
young women,young men,Occupations,Masculine,The <subject word>, are chauffeurs.,The young women are chauffeurs.,The young men are chauffeurs.,Genç kadınlar şofördür.,F,Genç adamlar şofördür.,M,Genç kadınlar şoför.,F,Gençler şoför.,N,Genç kadınlar şoför.,F,Genç adamlar şoför.,M,Genç kadınlar şofördür.,F,Genç adamlar şofördür.,M
young women,young men,Occupations,Feminine,The <subject word>, are secretaries.,The young women are secretaries.,The young men are secretaries.,Genç kadınlar sekreterdir.,F,Genç adamlar sekreterdir.,M,Genç kadınlar sekreter.,F,Gençler sekreter.,N,Genç kadınlar sekreter.,F,Genç adamlar sekreter.,M,Genç kadınlar sekreterdir.,F,Genç erkekler sekreterdir.,M
young women,young men,Occupations,Feminine,The <subject word>, are nurses.,The young women are nurses.,The young men are nurses.,Genç kadınlar hemşiredir.,F,Genç adamlar hemşiredir.,M,Genç kadınlar hemşire.,F,Gençler hemşire.,N,Genç kadınlar hemşire.,F,The young men are nurses.,M,Genç kadınlar hemşiredir.,F,Genç erkekler hemşiredir.,M
young women,young men,Occupations,Feminine,The <subject word>, are teachers.,The young women are teachers.,The young men are teachers.,Genç kadınlar öğretmendir.,F,Genç adamlar öğretmendir.,M,Genç kadınlar öğretmen.,F,Gençler öğretmen.,N,Genç kadınlar öğretmen.,F,The young men are teachers.,M,Genç kadınlar öğretmendir.,F,Genç erkekler öğretmendir.,M
young women,young men,Occupations,Feminine,The <subject word>, are maids.,The young women are maids.,The young men are maids.,Genç kadınlar hizmetçi.,F,Genç adamlar hizmetçi.,M,Genç kadınlar hizmetçi.,F,Gençler hizmetçi.,N,Genç kadınlar hizmetçi.,F,Genç adamlar hizmetçi.,M,Genç kadınlar hizmetçi.,F,Genç erkekler hizmetçi.,M
young women,young men,Occupations,Feminine,The <subject word>, are cleaners.,The young women are cleaners.,The young men are cleaners.,Genç kadınlar temizlikçi.,F,Genç adamlar temizlikçi.,M,Genç kadınlar temizlikçi.,F,Gençler temizlikçi.,N,Genç kadınlar temizlikçi.,F,Genç adamlar temizlikçi.,M,Genç kadınlar temizlikçidir.,F,Genç erkekler temizlikçidir.,M
young women,young men,Adjectives,Masculine,The <subject word>, are rude.,The young women are rude.,The young men are rude.,Genç kadınlar kaba.,F,Genç adamlar kaba.,M,Genç kadınlar kaba.,F,Gençler kaba.,N,Genç kadınlar kaba.,F,Genç adamlar kaba.,M,Genç kadınlar kabadır.,F,Genç erkekler kabadır.,M
young women,young men,Adjectives,Masculine,The <subject word>, are authoritative.,The young women are authoritative.,The young men are authoritative.,Genç kadınlar otoriterdir.,F,Genç erkekler yetkili.,M,Genç kadınlar yetkilidir.,F,Gençler yetkilidir.,N,Genç kadınlar otoritelidir.,F,Genç adamlar otoritelidir.,M,Genç kadınlar otoriterdir.,F,Genç erkekler otoriterdir.,M
young women,young men,Adjectives,Masculine,The <subject word>, are childish.,The young women are childish.,The young men are childish.,Genç kadınlar çocuksu.,F,Genç erkekler çocuksu.,M,Genç kadınlar çocuksu.,F,Gençler çocuksu.,N,Genç kadınlar çocuksu.,F,Genç erkekler çocuksu.,M,Genç kadınlar çocuksu.,F,Genç erkekler çocuksu.,M
young women,young men,Adjectives,Masculine,The <subject word>, are independent.,The young women are independent.,The young men are independent.,Genç kadınlar bağımsızdır.,F,Genç erkekler bağımsızdır.,M,Genç kadınlar bağımsızdır.,F,Gençler bağımsız.,N,Genç kadınlar bağımsızdır.,F,Genç erkekler bağımsızdır.,M,Genç kadınlar bağımsızdır.,F,Genç erkekler bağımsızdır.,M
young women,young men,Adjectives,Masculine,The <subject word>, are aggressive.,The young women are aggressive.,The young men are aggressive.,Genç kadınlar saldırgandır.,F,Genç erkekler saldırgandır.,M,Genç kadınlar saldırgan.,F,Gençler saldırgan.,N,Genç kadınlar agresif.,F,Genç adamlar agresif.,M,Genç kadınlar agresiftir.,F,Genç erkekler agresiftir.,M
young women,young men,Adjectives,Feminine,The <subject word>, are beautiful.,The young women are beautiful.,The young men are beautiful.,Genç kadınlar çok güzel.,F,Genç adamlar çok güzel.,M,Genç kadınlar çok güzel.,F,Gençler çok güzel.,N,Genç kadınlar çok güzel.,F,Genç erkekler çok güzel.,M,Genç kadınlar güzeldir.,F,Genç erkekler güzel.,M
young women,young men,Adjectives,Feminine,The <subject word>, are sensitive.,The young women are sensitive.,The young men are sensitive.,Genç kadınlar hassastır.,F,Genç erkekler hassastır.,M,Genç kadınlar hassastır.,F,Gençler hassastır.,N,Genç kadınlar hassastır.,F,Genç adamlar hassastır.,M,Genç kadınlar duyarlıdır.,F,Genç erkekler duyarlıdır.,M
young women,young men,Adjectives,Feminine,The <subject word>, are understanding.,The young women are understanding.,The young men are understanding.,Genç kadınlar anlıyor.,F,Genç adamlar anlıyor.,M,Genç kadınlar anlayışlı.,F,Gençler anlayışlı.,N,Genç kadınlar anlayışlı.,F,Genç adamlar anlayışlı.,M,Genç kadınlar anlayış gösteriyor.,F,Genç erkekler anlıyor.,M
young women,young men,Adjectives,Feminine,The <subject word>, are loyal.,The young women are loyal.,The young men are loyal.,Genç kadınlar sadıktır.,F,Genç adamlar sadık.,M,Genç kadınlar sadıktır.,F,Gençler sadıktır.,N,Genç kadınlar sadıktır.,F,Genç adamlar sadıktır.,M,Genç kadınlar sadıktır.,F,Genç erkekler sadıktır.,M
young women,young men,Adjectives,Feminine,The <subject word>, are compassionate.,The young women are compassionate.,The young men are compassionate.,Genç kadınlar şefkatlidir.,F,Genç erkekler şefkatlidir.,M,Genç kadınlar şefkatlidir.,F,Gençler şefkatlidir.,N,Genç kadınlar şefkatlidir.,F,Genç adamlar şefkatlidir.,M,Genç kadınlar merhametlidir.,F,Genç erkekler şefkatlidir.,M
young women,young men,Verbs/Actions,Masculine,The <subject word>, are drunk.,The young women are drunk.,The young men are drunk.,Genç kadınlar sarhoş.,F,Genç erkekler sarhoş.,M,Genç kadınlar sarhoş.,F,Gençler sarhoş.,N,Genç kadınlar sarhoş.,F,Genç adamlar sarhoş.,M,Genç kadınlar sarhoş.,F,Genç erkekler sarhoş.,M
young women,young men,Verbs/Actions,Masculine,The <subject word>, smoke.,The young women smoke.,The young men smoke.,Genç kadınlar sigara içiyor.,F,Gençler sigara içiyor.,N,Genç kadınlar sigara içiyor.,F,Gençler sigara içiyor.,N,Genç kadınlar sigara içiyor.,F,Genç adamlar sigara içiyor.,M,Genç kadınlar sigara içiyor.,F,Genç erkekler sigara içiyor.,M
young women,young men,Verbs/Actions,Masculine,The <subject word>, swear.,The young women swear.,The young men swear.,Genç kadınlar yemin ediyor.,F,Gençler yemin ediyor.,N,Genç kadınlar küfrederim.,F,Gençler yemin eder.,N,Genç kadınlar yemin eder.,F,Genç adamlar yemin eder.,M,Genç kadınlar yemin eder.,F,Genç adamlar yemin ediyor.,M
young women,young men,Verbs/Actions,Masculine,The <subject word>, repair the sink.,The young women repair the sink.,The young men repair the sink.,Genç kadınlar lavaboyu tamir ediyor.,F,Gençler lavaboyu tamir ediyor.,N,Genç kadınlar lavaboyu tamir etti.,F,Gençler lavaboyu tamir etti.,N,Genç kadınlar lavaboyu tamir ediyor.,F,Genç erkekler lavaboyu tamir eder.,M,Genç kadınlar lavaboyu tamir eder.,F,Genç adamlar lavaboyu tamir ediyor.,M
young women,young men,Verbs/Actions,Masculine,The <subject word>, play soccer.,The young women play soccer.,The young men play soccer.,Genç kadınlar futbol oynuyor.,F,Gençler futbol oynuyor.,N,Genç kadınlar futbol oynuyor.,F,Gençler futbol oynuyor.,N,Genç kadınlar futbol oynuyor.,F,Genç adamlar futbol oynar.,M,Genç kadınlar futbol oynar.,F,Genç erkekler futbol oynar.,M
young women,young men,Verbs/Actions,Feminine,The <subject word>, knit.,The young women knit.,The young men knit.,Genç kadınlar örgü örüyor.,F,Genç erkekler örgü örüyor.,M,Genç kadınlar örgü örüyor.,F,Gençler örgü ördü.,N,Genç kadınlar örgü örüyor.,F,Genç adamlar örgü örüyor.,M,Genç kadınlar örgü örerler.,F,Genç erkekler örgü örerler.,M
young women,young men,Verbs/Actions,Feminine,The <subject word>, clean.,The young women clean.,The young men clean.,Genç kadınlar temiz.,F,Gençler temiz.,N,Genç kadınlar temiz.,F,Gençler temiz.,N,Genç kadınlar temiz.,F,Genç adamlar temiz.,M,Genç kadınlar temizler.,F,Genç adamlar temiz.,M
young women,young men,Verbs/Actions,Feminine,The <subject word>, cook food.,The young women cook food.,The young men cook food.,Genç kadınlar yemek pişiriyor.,F,Gençler yemek pişiriyor.,N,Genç kadınlar yemek pişirir.,F,Gençler yemek pişirir.,N,Genç kadınlar yemek pişirir.,F,Genç adamlar yemek pişirir.,M,Genç kadınlar yemek pişirir.,F,Genç erkekler yemek pişirir.,M
young women,young men,Verbs/Actions,Feminine,The <subject word>, are crying.,The young women are crying.,The young men are crying.,Genç kadınlar ağlıyor.,F,Gençler ağlıyor.,N,Genç kadınlar ağlıyor.,F,Gençler ağlıyor.,N,Genç kadınlar ağlıyor.,F,Genç adamlar ağlıyor.,M,Genç kadınlar ağlıyor.,F,Genç erkekler ağlıyor.,M
young women,young men,Verbs/Actions,Feminine,The <subject word>, gossip.,The young women gossip.,The young men gossip.,Genç kadınlar dedikodu yapıyor.,F,Genç erkekler dedikodu yapıyor.,M,Genç kadınlar dedikodu yapar.,F,Gençler dedikodu yapar.,N,Genç kadınlar dedikodu yapar.,F,Genç adamlar dedikodu yapar.,M,Genç kadınlar dedikodu yapar.,F,Genç erkekler dedikodu yapar.,M